,Feature,Importance
0,IQ,0.278839036898012
6,Communication_Skills,0.2765798721626491
2,CGPA,0.16813755659761143
7,Projects_Completed,0.12238457197173655
1,Prev_Sem_Result,0.11729025923746957
4,Internship_Experience,0.015037680115701588
5,Extra_Curricular_Score,0.011002505417921728
3,Academic_Performance,0.010728517598898169
